Max-initial-GDPperCapita,Max-initial-patch-population,SD-GDP-growth,SD-initial-military-capabilities,SD-initial-trade-volume,SD-military-spending,SD-perception,SD-population-growth,SD-tradevolume-growth,Threshold-major-power,W1,W2,W3,W4,W5,amount-of-states,attitude-decrease-bargain,attitude-decrease-friendly,attitude-decrease-submitted,attitude-decrease-war,attritionrate,cost-of-new-trade,cost-per-distance,give-in-compensation,increased-mil-spending,interdependence-pAttack,likelihoodofresourcespresent,mean-GDP-growth,mean-Perception,mean-initial-military-capabilities,mean-initial-trade-volume,mean-military-spending,mean-population-growth,mean-tradevolume-growth,memory-duration,random-pAttack,reparations-factor,threshold-counter,model,policy
2.3702116040093086,1.0211654349778354,0.34740791184400094,69.240067379197313,1.1138094620041417,0.010838014379308394,0.99970751548994841,0.96294563521353205,0.070871300290714978,2.4128352393869354,8.5397103207867922,8.2441925684430579,8.213946963785256,7.127536270286436,9.3231520058761088,15.134898244707989,0.097738480819572565,0.21339762566925957,0.25877528107689612,0.24965439124767244,0.87373404450277492,3.0879926552219294,5.514730877201,0.22129613694709416,0.24547102852054489,0.078241517863502058,0.07866961723049791,0.010321463542150473,1.0096663738948226,62.038865194907501,7.0873327982930086,0.94915292934555628,0.010596345201276853,0.9898267493159264,7.9119303179097997,0.31418348959466924,0.33906086484535464,6.649371033747915,testmodel,None
0.47037949962186842,3.130952924409709,0.77521662334466479,65.535360792628268,8.5041698577714069,0.010544627234718933,0.31113022176183824,0.66823073315336767,0.26763219985547532,2.8072114681741676,0.33648831495317216,1.7134109846093104,3.6315544070066768,5.4503134298336704,1.010875059582776,36.368566636971494,0.7099827035907238,0.97875834846616272,0.68354694148654593,0.41026734410194349,0.29512250933882817,5.6555337497342304,8.1080543238981431,0.34822397967251167,0.92559563681791712,0.00045345129930622136,0.25575220875065552,0.009587845238914745,0.9090585427756146,68.841834685312946,8.8690636895021662,0.99303318995037682,0.01038966862137591,0.94049775117430656,19.672373402511596,0.21479920975737743,0.48187903584821468,5.8112411187813571,testmodel,None
2.2236155669690199,4.6624677070461438,0.041268507385961981,69.699328833367716,4.5763927127406632,0.0092598670548330198,0.40360275966084208,0.95091181202746633,0.94638396534509173,2.6543017269692206,2.7164720932760811,1.23589579337346,0.69718672478303645,6.4847302936623876,3.605902959539677,23.17415373122563,0.77583658883850659,0.86057586941062081,0.99107370508156578,0.78693839551938594,0.32433331333913962,0.51806792770019294,3.4607091016420566,0.14379026987369115,0.80625965371441133,0.03507301210266444,0.28465998978796325,0.010042649018386559,1.079558067222574,98.184147527825658,2.3300842748363966,0.93750591711963349,0.010345620317463475,1.0942879784227348,10.696372932376921,0.16609886568493823,0.10060235981334814,3.420443090589032,testmodel,None
0.10106972211360607,7.4930204180562061,0.58818990092886936,54.847071002500677,8.9250227415005519,0.0092930527367829016,0.018464692051965506,0.43337814928629292,0.40980454228031737,3.4753895232370713,9.9401988798033738,4.7114300680883945,1.1459201342416117,7.4988617448031007,8.2783637854189021,25.081033706159282,0.62037063832349881,0.78766362580994254,0.77318312070671369,0.27533508137805751,0.56719242057580477,3.6497254224988476,2.4503370053976936,0.3855673795380386,0.35691883055034312,0.031643292717141197,0.19478974907196914,0.009858587372761329,0.9825118421246708,97.512660276077568,7.261465175449981,1.0139165057955541,0.0091562176098488289,1.0978201513754491,9.5827984790054792,0.33088262549356662,0.081880563794179101,9.5043499898627211,testmodel,None
1.7558542914913153,2.7780151382465026,0.46632193552381318,57.818197713553971,9.5585237277230934,0.010536750163550898,0.072559586901851492,0.2807031507010822,0.5474970014689855,2.0807060362685923,7.546320683352862,7.270493538826603,1.3687973629013834,3.4849854290254405,0.7199079085194261,87.266109698357681,0.22622272965809201,0.64635284263781967,0.95415108242947422,0.87654142263593104,0.27769316725652043,9.7567803950552054,9.5313643347786314,0.24575902030845267,0.34229669766657583,0.018765135060824119,0.37254966988389016,0.0091670615514975479,1.0567823541617192,104.85423843225357,5.3196183810790814,1.0330365398857997,0.010004527751727613,0.96182648504656132,9.4261518697036042,0.057480388411522344,0.38903700481741554,7.7746271171623942,testmodel,None
2.7625702237188805,8.2919297347566108,0.84678667568053723,45.15811101375354,2.725349197829154,0.010890261115388281,0.79786544501477041,0.8871441026509771,0.89121515430504039,3.41814833699291,1.0644176215863066,3.9628039796207561,1.4052216009238638,4.2226916022235619,1.5643090879681041,44.270636167299941,0.55698528955322024,0.76918665795735552,0.82593924871492552,0.47135000756862477,0.7741357519457559,4.3608234718377803,4.1437422720317905,0.29455178114487912,0.72167614384592282,0.0036514402145638629,0.27807980478776251,0.0095671896663243362,1.0001640612028897,138.81935952648462,8.2622250881681456,0.9866328636317544,0.0093925031601599773,1.0260445179075866,17.758290752394075,0.33797563251119567,0.37689377985650291,8.163422603971032,testmodel,None
2.9771259086070567,3.7005983166602703,0.0090862215707422402,40.925638841259442,6.3211388659319461,0.010163525008929648,0.10976153398664484,0.13164456741579206,0.68722910898413925,3.2076354521435642,5.0004997530830551,7.8232065705671703,2.0308402800442944,9.09822271718539,2.8752374549309607,10.414538647316423,0.27015722796844777,0.91929388472583007,0.51060866837986529,0.67414693620709532,0.36599934397195422,6.4267153613477497,5.4906529007139868,0.33367154960766626,0.074027655450205898,0.0095323733051494927,0.30165653065016274,0.010039043473535283,0.93028379913475645,86.281667707257967,8.4750401799909749,0.94519175584463722,0.0090970715870388724,1.0693394510707628,9.2323909769363404,0.064136490821018063,0.41474326321042326,5.3022892584018209,testmodel,None
2.9316892558262371,6.0398291275268168,0.13268199294512942,61.6954658802605,2.5513119621905398,0.010516443253731389,0.46745779369945556,0.81218377183081014,0.23602495803761658,3.2559206654854016,7.8055965254391291,5.4892213914879342,3.2799122445517117,5.52288743893362,6.5663051935907841,76.004681382930315,0.93772597674917391,0.39724460770956366,0.29238961294117771,0.54340328215278777,0.65041346570824421,8.2950311577403131,5.8051563738307959,0.32601490674660305,0.36142332201957661,0.099940710430549501,0.13276109879840312,0.010606818147190599,0.98833979319239762,70.638134015897407,4.7780750885888335,1.0465960909905969,0.010672375388958192,0.95211418300169526,14.787569759137373,0.051956587836034185,0.4322468810438056,8.5691592867584614,testmodel,None
0.18671116426819068,2.5192169553480097,0.056873114797281361,39.942860723796187,8.7640793842407607,0.010361399613668297,0.18624539356007244,0.67841084845385846,0.006995545591282089,2.9775008212877365,4.169875533712962,9.5918643076417744,6.9141093353714105,2.8489251916401468,5.4352707069896038,43.265479883271972,0.16396895657500307,0.22466035694139916,0.036449169537882631,0.82537502059666579,0.89249361017102247,8.031771819554038,7.2526274141925171,0.094100454810885054,0.63440936054025754,0.015343195962639411,0.43118256643064973,0.010374698962566931,1.0473930455917646,100.18406602072096,7.9567870257516793,1.0757734892251201,0.0096472365122312956,1.0407817854885122,19.114982679044935,0.01390624808385835,0.07157988390500053,6.8964343430990205,testmodel,None
2.7017476375437646,3.6566545526310317,0.61402471036540607,48.05546339840339,2.231617672872543,0.010789624588884307,0.59153585613868986,0.30788233595051434,0.38178207838775813,2.106689762674637,8.7378580378737567,2.5494044830353815,2.7256629861110477,0.81759464605044407,1.8330840198588509,48.267601900331869,0.13094106248854012,0.29123584379217771,0.56477539008997879,0.6173071431336834,0.41669554540579079,0.34194719492524783,7.4601447945958776,0.1890367510207312,0.13819778529633642,0.010516616894670181,0.33016851889022403,0.0099220337282398523,1.091915147446413,101.42208417665279,5.6451658523320898,1.0244559021704838,0.0098401559163650773,0.90058403584682889,18.304293295494443,0.16159454436895113,0.42452314132827224,4.4447249677050644,testmodel,None
2.8514527512340155,6.8196365036456967,0.62317257930495529,51.453589020864307,2.6277274142233225,0.010719528795972237,0.97325941227469737,0.85668418264783019,0.45918875785230484,2.8615558504874601,2.060850425358201,5.2645048945882733,6.7430241185598145,8.1153004536545748,5.6120220436071024,72.294471547965685,0.17335039882407402,0.095446938930282374,0.58173528664378282,0.76493429492213216,0.22980153026871783,5.7893454377723144,0.016950377591097188,0.17623845170967053,0.16054579389923448,0.0051204523390293057,0.22223381853917909,0.0090193188263935579,1.0746805882377215,72.973092531041146,9.9139959511081148,1.0950215687680613,0.0098240746409966658,0.90524060160543574,17.505413427758029,0.14230289978297836,0.13068166153674785,4.0112223313556932,testmodel,None
2.9609669154042941,5.2845288873821108,0.31869778039937902,40.791318704178288,2.3718110775320995,0.01068703998521762,0.048102927399514994,0.52378079554841317,0.15065124527233698,3.3624244893427884,2.4469444022032878,5.749486456047709,3.5260816752044022,0.38898264436098234,4.683523697873718,47.74419636838774,0.45566645524956179,0.89227358828592995,0.26088687395273802,0.13417548127371121,0.72568579471707362,9.4533721149443686,0.8023291888991595,0.081641897814064224,0.40335927967122348,0.014167567788930189,0.16020097081814608,0.010821845999217504,0.94132138084926076,112.49981520208054,1.814520450196021,0.90107790988940073,0.0090421731591309642,0.92952374528812409,15.140297521396239,0.19202355859313616,0.25758627184462379,7.0369754302869971,testmodel,None
0.31366651001817658,7.9675169490395321,0.54446758175645049,51.937308854226998,1.6461902503286241,0.0090404528933377137,0.96667426809131241,0.088455981449798327,0.76780475611587773,3.6011849766646531,5.7644595530365059,8.0064328261819053,6.2472166206841795,4.9556999657646514,8.3156233952316612,34.667951062756707,0.4375058374016626,0.66298726050029988,0.81918864232935962,0.86206242286713819,0.4292230790953323,7.972561808734385,5.9078509675538085,0.12590652667212104,0.77027001825884256,0.073265475348124456,0.021136989101063472,0.0093860852999774359,0.94516399516466187,87.248579707478015,3.9777801247803724,1.0382141145269372,0.010533601229027122,0.9648812262746298,6.8201092374771388,0.22510769037214456,0.17928333458215817,6.1035706966018948,testmodel,None
2.6127700624201764,6.9660607319510932,0.42134136598160793,66.953795523435019,3.0065704646295721,0.010613645639247955,0.26192333547114083,0.57890439032852226,0.12082505855076529,2.2161381928295505,4.5500823982690237,2.7499507063855337,9.6847160279621782,2.7435596337721933,4.7580572399947245,59.686442237586355,0.1567576482371677,0.1559252195347669,0.119178547452408,0.8462700195910865,0.42069024101276431,9.279316545612275,3.1864007893965942,0.28273554886963714,0.22505538045552634,0.060420088249737283,0.48763913155471639,0.01015451534153386,0.91694043835640948,94.013777425028678,9.3132745701710178,1.0054868697587251,0.0099623170286628846,0.99720499663439988,12.628511379084337,0.27732495915366545,0.19342081966551158,3.7673036165945515,testmodel,None
1.9393968145893663,6.2137479957392516,0.30850802289203477,31.926989922631662,3.9460620957895882,0.010661188013274573,0.38620858125568769,0.61768353768174644,0.78783870251053201,3.4451183832274008,0.91505625177119743,3.8346823828681527,5.985014558165128,7.9944371687308093,5.9148108687242775,54.346088692919984,0.63118432836278215,0.12763521561686844,0.96796812122762133,0.44017403862756899,0.85748946565088546,6.526577237800419,9.7978761221525161,0.4637717843165427,0.94363239442371105,0.032149971894014216,0.42622017374069521,0.0098695265361660994,0.98126452792257646,51.376615013777695,8.7716941427672879,1.0665766455036452,0.010208187728568007,1.0343713899925489,5.9161673166251685,0.17906409412141322,0.47487632799389379,3.5807183494293588,testmodel,None
2.4075473499627615,4.2352682462147975,0.9014361457852117,47.174200788125432,9.7491529612920012,0.010422377276775949,0.63804237224619154,0.35084626901645638,0.95002029657753229,2.5000078064464342,6.0003183695547229,1.5389760628634428,2.1779509945701916,7.3042111889941399,3.1644101942710963,28.761839237978965,0.79146958415739899,0.68500597581564948,0.1079799553892575,0.32167610258610629,0.30103476795735284,9.5210258299164288,6.8206718107864752,0.29791565082223487,0.29220622498218168,0.066784487541736645,0.0024114495829344702,0.010484693548830507,1.0878407447834679,127.51865123327974,3.9540254654061511,0.98350985918840372,0.01027107959467616,1.0534028406834088,15.459596044934344,0.26365703349916797,0.046119532910447736,9.4044929055525923,testmodel,None
0.56834162299186231,6.8923523606330779,0.17929321506305784,50.488568235154503,8.6215081405333009,0.0091091757893527608,0.43660117747025229,0.74847383172291138,0.46244188291627952,2.5432621346842152,0.84529044642852813,6.3370858609021399,2.9650361368853222,8.4428950343338744,2.6703665637643952,84.589288927281544,0.50664227056205613,0.039100163746140067,0.89241646835061572,0.73836593329444056,0.35495533496879805,8.6360763264828151,6.3413514357298508,0.49274347328993445,0.74232161997451107,0.040268620495639916,0.29367373404619473,0.010860861325226949,1.0150044476674673,143.14937128941159,6.4954782557504522,0.94194781465799426,0.010410672770368785,1.0069666799365651,7.7134418557497177,0.077652280338587037,0.35909516329409324,4.8777974185193855,testmodel,None
2.6479878125162397,5.5424754166885242,0.50578741822558049,62.71371114560155,3.3152830981882535,0.010016564973563825,0.45159484503126429,0.38331198953058548,0.02394385027593525,3.6984255537269286,4.7612339292326267,1.8173913590509225,9.8416622496653048,1.1724706168828232,0.41471565057617654,37.498670147172646,0.14480640323181979,0.33133506211808944,0.61309355262454113,0.33850676385496203,0.17233619839715808,9.9678991897934157,3.6733146744692884,0.43105008135356193,0.23916349810314455,0.037340071846859453,0.4222842654206268,0.0093417717965593103,0.99702763504024727,55.549967459129199,6.4372934043061436,0.93450640154967646,0.010184558695868921,1.033700760120799,5.0509042167183082,0.38203707188946662,0.28553277162542839,6.4573625662391105,testmodel,None
0.61476981835422551,2.890836217856414,0.32094474707614706,40.119601816275811,5.0324595604619642,0.0099556414871266458,0.11259922910907666,0.46690385808886137,0.31286136691748978,2.491034423203927,0.47181550531087446,6.7422741117840266,7.6968324961972732,4.4214442368082798,7.7882636167496937,59.10471291506839,0.42593008555887546,0.45875296510831892,0.084041377593037855,0.66675879093113255,0.54417077918594925,7.4181352481361431,3.3821929598825262,0.046987816687090456,0.30386428479823629,0.038516805323359882,0.16765702707559255,0.0099951284785138733,0.93955869856188678,95.251945513090988,1.283562099978881,1.0993763492022057,0.010947285107362514,0.91987650652880981,6.4662552848929042,0.062563793608696447,0.0015169990378936032,9.8679947304725353,testmodel,None
0.53350020959778921,3.4652828783960898,0.4385470353337772,48.907241046793601,7.3727897469307191,0.010095801656468685,0.74696895396520124,0.18141436749654158,0.037655367365362541,2.9984663452843394,9.4413057118159252,2.3803503940233668,2.5226569833625541,0.68578470728084118,1.3803715229123024,60.702080813660956,0.84141636448929769,0.36446052174444682,0.87377210293040297,0.2230887822912036,0.11631359051679603,0.90834908087662503,3.7439623472624026,0.26789486214000674,0.50226038767884218,0.076985451937384319,0.010059458315852084,0.009556968856152908,1.0169153602041796,73.981683176030756,4.9010112629171481,0.90445476562631133,0.009427012516218471,1.004077571961195,6.729510825703521,0.21968272184881649,0.32571077578307911,3.3055670941829556,testmodel,None
2.2729849542685319,6.4850893190185825,0.4468299771236528,65.716235782819552,9.4177538359920092,0.0090942297411094903,0.80256564453384294,0.20301335188231234,0.61254449486145268,3.5456228902249274,6.2028391401399805,6.5559183689051874,1.0428280093424549,5.7828417168284929,0.072036185340544193,97.938446898343344,0.74452543185267617,0.0058909850964742128,0.55380961030160991,0.62992283377363467,0.58069867890616378,0.41696978400024626,8.6351710961124546,0.2721378988032051,0.65357837430902099,0.016222252822619947,0.48206101068608809,0.010014606229943523,1.0269748574654511,140.42582133766103,8.6690209577815764,1.0428811833772944,0.0093006479580894762,1.0550641984269169,7.6823311959338003,0.3966844677629866,0.31435592158592784,8.8724934847227157,testmodel,None
1.0935650725919255,6.2307722405363597,0.99513069292327083,32.686129111129816,0.23708619239409084,0.010980566537243887,0.56559129919218987,0.84888583494679859,0.35017285127369724,2.8400913581146221,7.3918735601416206,3.7660476148195219,8.6342492564329945,4.5151525003027126,6.711670267174866,20.946064810069274,0.46090800034739027,0.27835625575727113,0.60094698377211564,0.90927461061167481,0.78420796229166756,5.9952299379562755,3.5422197354072122,0.46816775849413017,0.49497889489455926,0.092593514340065033,0.049880172765086453,0.010948632334311889,1.0895784026444391,133.13496735172953,6.816003041684259,1.076144161411033,0.010031543468423477,1.0246285154203358,19.473034348070172,0.041901913993644541,0.23517262675949896,4.6696510726442018,testmodel,None
1.2335180371600751,3.2943910507830383,0.11940851836994554,37.187732791357774,0.19687126398974839,0.0093780578120505938,0.28642126875857243,0.56096170334710249,0.7774662593843028,3.3404121373047917,8.312861044533717,1.3067398733292221,6.4776760936065481,3.2425683203761118,8.7553242731305332,31.043108935336594,0.86138786157435854,0.25448985540546237,0.060296791343350323,0.9147223833501047,0.63012508955405999,9.3039047479472892,6.023081967789631,0.17108248976501983,0.93449974274510361,0.02814508793827851,0.23084824701911097,0.010555635518453352,0.97771950170377442,107.07159471724893,1.3757012809690163,0.95004751116978425,0.0097771037803844087,1.0989420178230169,13.873105423159091,0.35160669041023773,0.14921322944165874,9.2997195993647512,testmodel,None
1.5009548882883597,9.54015161656055,0.6020229337236932,39.453375550057565,3.5084766200036754,0.0090254536514400539,0.35944217437601822,0.8791639314585763,0.30285852604089081,2.3563238784083085,2.2448843213537399,9.1341965045995028,8.5025914600664567,8.078660792514242,0.69221003876006049,33.170857412426336,0.2052366940086468,0.44002420146017573,0.44845831051885715,0.81024978707546602,0.14403356837929773,9.6245102189076253,8.8446984823669936,0.13012014000355709,0.19142393826463636,0.056892128872196669,0.14084094754476129,0.0091823817497782463,0.9595067397933088,69.640816894829229,7.0154847412990442,1.0793018926938209,0.010837669754652897,1.0780215263332431,11.051401160105339,0.31605856137105154,0.44047989054661196,9.8056214798828947,testmodel,None
0.40454293987629586,2.0068026759913211,0.98531026896059437,64.831818713639535,8.0629318131383414,0.0096193835014942875,0.77461112982205693,0.16228942527445486,0.13377334067429714,3.8687038996881791,1.3950684912252533,9.2778544085658048,5.2367688231524809,2.6898622693528633,0.56717448223292677,50.493334363678528,0.37784764231274603,0.85687481323751213,0.22404573129475291,0.42659962110449362,0.75032101403781515,1.2457380050917777,3.2753513269316956,0.21427178345207309,0.42378671597381917,0.059060796620838296,0.043192735834265736,0.010975066979795996,1.0716288513872676,116.96570567013828,5.0974656177090614,1.0618896907631612,0.0093741975503575797,0.91167107694533822,19.260205872039357,0.15933390045028459,0.068353912783522819,9.3697626379150911,testmodel,None
2.1775062907690099,3.9819227961612218,0.5389812840763738,48.730433939564122,9.9662282207794011,0.010254041243379796,0.83923700162804493,0.72611650605222877,0.37096283049245965,3.4868101704894592,3.6595657872335829,5.3042699763823844,5.4788436102525848,6.0545703014229737,3.035213012970619,20.006890401298413,0.21792473965426218,0.13082460018200961,0.14914037664808105,0.63747566147460666,0.49398172501292059,8.5788469006022279,8.25919544533064,0.032380915561669305,0.41738953130636597,0.075460341694636154,0.41479357844034614,0.0097923944761762766,1.0380504859184614,113.26425624702864,3.7315492826631544,0.97709452054518942,0.009242436893125849,1.0368841877841086,8.7414267646041797,0.24058372398496677,0.19712645033852808,6.0784686935967542,testmodel,None
0.27893736928698792,4.7127662021403651,0.15707566966500194,64.256963068452151,7.922954713880439,0.010963112442091128,0.82249340629803169,0.44531227332227419,0.34128518024674753,3.2746184092683372,9.8906994381831996,8.6044148478918618,7.016411735987381,3.0912484741942805,6.0348809861412782,79.744494139730932,0.19534932918561243,0.79862761951132533,0.53994914378577563,0.39618967725125109,0.2435625764634004,5.886585267844735,0.63049157331570616,0.10325149342272757,0.43760305118840132,0.020958584546447719,0.093859340085248155,0.010253392225672456,1.0980160524595408,115.35481200940522,2.5314226084949838,1.0401419856061012,0.010102235072054187,0.91780622882477403,15.575057930363462,0.35993704411583061,0.45576089707614442,7.2947104148711102,testmodel,None
1.3023776200629833,4.9616005783420025,0.88534910791584798,43.957697962541374,0.32817608761920641,0.0092796619039942681,0.98905070470859624,0.78430648950642012,0.22376280598834306,3.8935081223799135,6.1137577850033349,5.917230341353533,9.3157253555362196,3.5674332873020109,2.4540480396048285,40.729786805547839,0.68322254468140564,0.5005593094741787,0.67595551483944438,0.19411910121533157,0.83784814898290261,0.20715981945483997,3.0035826865985471,0.26082849157338783,0.54489880758091436,0.019136432928295095,0.17935544443606483,0.010918462250887698,1.0517113876607544,147.81654745400363,6.2127230828409648,0.95280910960064202,0.010138155382412748,0.93713422075842734,17.901363177364416,0.023290247950736698,0.43511968105714699,8.6870678004136028,testmodel,None
0.43872041622042213,7.2838906242541377,0.72476992060155299,41.659670215839739,8.2465182915483606,0.0094661072404170262,0.060900361972198232,0.94917692834326406,0.087162676366205685,2.5904775735092604,3.3304837894847177,7.3868909055876237,5.6797115506299667,8.5214643879196075,2.1873851995471085,73.728043137774392,0.66508029549328107,0.90638576320758402,0.91812089368286653,0.49071245065767288,0.28432900865455057,1.9444059653299492,0.13814442742485858,0.15213855265205209,0.15718775452979303,0.011334540331862571,0.39512517434128019,0.01017114984194044,1.0235980896974002,136.61347154748623,3.1270717826483452,0.91989814881310317,0.01017349924380323,1.0653647335316545,12.071008502028238,0.18961982708245601,0.49852886861460688,5.0658247137000565,testmodel,None
1.1441325589342193,4.0978729403937457,0.71340403552277476,37.481489174900787,3.1375453136107065,0.010747466524237723,0.90646659169836763,0.22801336566323233,0.66390914690138059,2.1252227489816176,3.1727382505253687,0.95329731522756234,4.2041721243519952,2.5889971520519754,7.0066077082626856,61.617331197173662,0.34422398253913616,0.572494715566365,0.48451159172974273,0.68249964529708418,0.40478125819186406,7.7264338324293469,0.2642306977147455,0.086395558332723402,0.056876555421004407,0.06268031850921911,0.44622143339724274,0.010852328128355314,0.92184143431153864,78.14043941178933,3.2977590707467699,1.0511014385366366,0.010093615007596065,0.95569000302088358,7.1295227470238594,0.26659925700187931,0.46529615408952496,6.18911380348238,testmodel,None
0.37241150220152397,1.4101026702265735,0.96613794291781641,52.352740304116871,2.0172812577509278,0.0095524246448241267,0.20314598612916854,0.70231090130051954,0.27766048195448922,3.5738112239509143,7.7685048835652939,4.970028244888046,0.085830013782060136,7.8739899102361219,7.2897636888578008,75.39457886083197,0.11962146235203544,0.63809088571782013,0.18707758981274292,0.084920910343088421,0.24536407471518396,6.6267065570272337,7.9231905023826226,0.39778715818020571,0.32816185018485983,0.0937865052796341,0.12091270404064712,0.0098186617325070648,0.92310780204731779,56.459867526117137,8.6394558816290079,0.97530518529585408,0.0094572762302968343,0.99413978796061808,16.929243983944929,0.11865721904150489,0.1273386147925539,9.1205151432656137,testmodel,None
1.782510277026091,8.896227828389371,0.45912684011061666,38.734114656315327,8.4598977378257825,0.010801094799463709,0.2209623544040617,0.39720078877028775,0.33484470217788431,3.0947124581785905,7.1783821707205542,1.1901231406072885,3.1740138709764807,7.7090425660801865,4.8244690133725667,38.070331679700693,0.41402126416802221,0.073364039903978481,0.8888951258281218,0.065173034325536547,0.46173551127686396,7.677466614743107,8.0637987890950367,0.23959499894584818,0.75882925318526762,0.05790675945165568,0.4932371824853321,0.0098991462925529742,0.95579087300904764,93.419552023930962,2.9025103555010445,0.90287753770158241,0.01063855917469614,1.0477617768054874,16.524549434023065,0.017224171015223232,0.11951403442002592,7.5922220388848816,testmodel,None
1.3245919488128461,7.9160051676339371,0.35206278049373479,41.258098962026779,7.7236540240301217,0.0090641878317024253,0.37143780047458885,0.60027269657708071,0.39599723994881697,2.0750047050105112,3.5775535236807561,6.8526983940915054,6.0703554722610171,6.9480479338930774,3.7962473330428992,50.846414340781202,0.32068277911775084,0.98777490006143154,0.24273776913742268,0.26191563391682449,0.73666059703726849,6.3686886922967476,2.8666496396414027,0.45115789046398508,0.87874059591591813,0.0026645317441215703,0.43627548627997664,0.0097702631758817271,1.0435599983951158,67.350262291875978,2.1038544989238606,0.90681592320842086,0.0096165912401727088,0.987033555945383,11.400221923018535,0.046377603189955818,0.38257154980286373,5.0239180402827941,testmodel,None
2.4517146809373225,1.7719487903455087,0.89237920013655869,64.758637174079652,1.8482572202920167,0.010398074258355761,0.91039909733613056,0.97456175265298872,0.59675162326634301,3.139326322060751,1.7820257304018339,3.0386473776550482,5.5867264191869985,7.2932402273689423,6.4611095659608644,67.786527681457926,0.10067239932856542,0.23058062866886966,0.15839395139059023,0.044906620615252774,0.38854122690141901,6.9051351177732325,2.7382762586309557,0.35984173492825416,0.038283504347878042,0.067026368400171635,0.35266540738939367,0.0091375048953244581,0.92521648335470119,148.24854046233628,5.1897729705419806,0.96379030746476024,0.0096742853724959624,0.93066770166355484,8.8543083837190011,0.32093863232548098,0.23271800765547068,5.9341085250862964,testmodel,None
1.5398131324800906,6.710613617703193,0.91221120104795883,56.85402509432155,0.8930890781771208,0.0097914466234837738,0.94629296037038313,0.0092662848828558349,0.700036859369908,2.3343489704344824,3.4327798812715131,7.5494561477683106,1.9480351908391804,5.9387586869248397,6.8934988649027007,80.234755429007677,0.61206933222322635,0.43186842998664698,0.85778514483865487,0.65869160969681795,0.13141377753508238,1.0624773709568762,9.8029924475215964,0.48122175907481907,0.69603446528015078,0.048737566246632835,0.086776070895922097,0.0092994602559332788,0.9872342240594697,99.357122938960174,9.1898508812147277,1.0579876962640635,0.0090137473999106089,1.0136785117345368,8.1823508810781043,0.031236305244812985,0.188145147003761,3.2577657698768183,testmodel,None
0.040550764967333154,4.372680558259681,0.82886900777927874,42.953285247154888,3.896114393530572,0.0097279478235414787,0.23788380166183123,0.80049190710714746,0.91233080515872222,2.7851510627982301,4.3136465186807946,1.6921954761434697,5.7086644317519752,8.2406934908044622,7.9278886748108821,57.407362837353773,0.0044140897264021975,0.70628206942522753,0.94829288786401977,0.83942014366301987,0.57759525207917917,2.4000404653170109,4.5436812556889565,0.14547576130623682,0.11495499345022769,0.024559137113952113,0.44229394373695841,0.010758101427525183,1.093937842051945,53.140791731233634,8.0216475569790404,0.99605825197190223,0.0091642534826326828,1.0892438420135175,16.127077538637877,0.21154732403860024,0.21409314739829657,7.8738644633762629,testmodel,None
0.73684852517980082,5.1864082172491512,0.025412966578364758,44.696763939451252,8.3937276502404252,0.010353164258021123,0.54212338078475342,0.82374554339343153,0.98747300697007123,3.8313460624439797,3.9448528773893887,0.4192187143324958,6.6048318721199166,1.6408084436264527,9.7762383383404092,92.716354005601673,0.89562394061476092,0.88556708977039644,0.13631436787187359,0.16438362628588654,0.87669300930105554,1.6479202710892862,8.7725828397092744,0.36476997995166394,0.46713565047066691,0.01236182668015905,0.31595691617828053,0.0093176411580438556,1.0836680718216118,124.62173616778361,1.9749793845076451,0.95630808787980182,0.0096870845366164027,0.90844708371759897,17.445772727967444,0.15190469346814672,0.36718828789456559,4.2298465377667078,testmodel,None
0.26594982820338098,7.783200561642805,0.48647714192278801,37.748672151125582,1.5835009501782573,0.0096990149096293291,0.85711730495534411,0.11500089902589726,0.28853960238928766,2.6359793446612043,5.6851381659293949,0.55371046917629385,0.18120087041603528,9.9986763857964824,3.3990577632235128,27.143494062716137,0.83778619830529322,0.95012915863530212,0.23668655864257543,0.51263851852830666,0.19891255520587189,6.2359747613979959,5.7292066402740431,0.23059592821436223,0.5658470191452365,0.090085985220642331,0.23825674176760167,0.010625694608047109,1.0406176204565525,142.01666399891474,3.0357362348347592,0.97896165775531485,0.010723259315932017,1.0850982811012007,18.55235760802363,0.29803054034947013,0.032106771207192124,8.190395011021824,testmodel,None
1.2132191921671582,5.3542900517964584,0.81086720567119963,39.033446062947945,4.0828690676060813,0.010111140969612893,0.73130162815340527,0.91368864670326222,0.1079075983610379,2.8376200140816601,5.9029552975730448,0.13251217255347852,8.3546221962512082,5.8426963301981996,2.7835916543668477,57.80109510391538,0.73532622278042103,0.016175830534725908,0.83317193972839565,0.74854212907480389,0.26030308173302175,2.6554923322108879,1.7038871053516467,0.058121032081074261,0.78381937553334469,0.041477393748235537,0.14948625917935834,0.010418185382751343,0.99922383770562051,117.43997998999392,8.3986588468218955,0.94781298732136654,0.0095953231548611476,0.95922311429426754,10.184971242425732,0.10341996100854259,0.30383479774168648,9.9631554101988762,testmodel,None
2.8462235016945483,1.9134502369620205,0.86257330164277113,46.463475922464966,7.5543440982102164,0.0095056910485013021,0.92615936360829609,0.71205373449731557,0.69470581163516665,2.3936027932505199,9.1264178003864735,4.5642261449740236,7.9892138750080157,0.78521925561063899,5.8933590635184867,83.1202155457391,0.57626516838927677,0.064433152342552771,0.62059545874139688,0.57602414693196047,0.82269915103023594,3.169055990070397,1.9051050487267751,0.41434792238650986,0.33134782025571502,0.084445811652702041,0.24168473115341596,0.0092232582451723579,0.96552357742867756,90.114533908377666,5.7271810992574501,0.98553771665719292,0.0098703807123827758,0.98260084915066614,11.786003027324032,0.12161846338706871,0.11306108146786938,4.7119949207859255,testmodel,None
0.64305049285393423,1.7105636121936392,0.25997965637737092,30.453478508610782,6.9634120561433921,0.010049283396576337,0.16819229344073988,0.19217346692441348,0.47939470022350472,2.1750872423003931,8.2409416841210117,9.9166835908863682,4.8646192319965822,3.6639373118720648,6.1388807885663796,62.947006793581181,0.33720835319629977,0.60949911239371446,0.0089817600644101058,0.80973512686331572,0.84690101895300463,3.5934354347109076,1.2099019289107922,0.37630771020967407,0.7623271171942142,0.080967467633027757,0.31147158041068773,0.0099042356378711335,0.96775198016392638,91.168309837799796,9.8050266604378535,1.0639507646875315,0.0092216398925802131,1.0162424561262391,7.3898988230968072,0.20709221423169716,0.297782970093039,6.5036116781397029,testmodel,None
2.3589442485806846,6.5714320549317282,0.78663799837361958,67.781560365153609,2.8080119545466893,0.010302132545379268,0.69419921148505082,0.0909238106267857,0.36087249122339127,2.232361965859742,8.0935839347347951,2.2522131861683232,7.1249193355791132,5.3768025062724263,9.5700678671029049,14.01572396575439,0.95575708007520077,0.37537013471699415,0.75281768279943839,0.18475158765013217,0.86397534404392295,8.855833098817353,1.0051380985183218,0.21589926703627293,0.53078175583568488,0.023817885845110236,0.2274937615969175,0.010472838345727594,0.94995478001295164,52.87416555378033,4.5172429764471174,1.0822794845004271,0.009321698778075066,0.95676443301048064,15.720876012743693,0.092768095967478606,0.34512831406821964,6.2852786325038199,testmodel,None
2.5695025477471365,9.8522720185753077,0.06665546591829527,36.248951070292435,0.41881341663941296,0.010913504878253377,0.87326030178532088,0.48661568655119797,0.43265628154285951,2.444184224345892,5.1460953724941669,9.4228097603148662,0.75651749996802642,9.176235335870043,4.4633199138680677,74.20337777705015,0.23047140393004328,0.53679735925757655,0.84075117253581244,0.11926413141055286,0.8326876143266172,0.68343438455805239,9.9447544047301051,0.44881166796724414,0.14585084965374331,0.021226711686887664,0.11919392383769692,0.0096804988039993801,1.0044080193433651,145.13546203550038,4.6130747419122411,0.96797195114682633,0.0094689799608151069,1.0620352660092014,8.3503729769555814,0.31168081603884046,0.39328966967555917,3.372847292621707,testmodel,None
0.98902486516342147,8.0423070078733581,0.40187543073982812,62.91568997418414,3.7148109706052694,0.0096581939395244468,0.55372467146343418,0.76071175352637954,0.80579038415392212,2.2716412515596902,9.3526285349439906,1.9064754941935904,5.1921724743069477,0.23507224435983354,4.3345268535577013,24.380206030738826,0.02007377107304582,0.65197996644150469,0.52836448366203526,0.36304099968244646,0.69797885518693825,1.7031916330571115,3.9953255763565294,0.11144893798933141,0.70709029474077223,0.0085533768946425854,0.35722366966371394,0.0093680303363414576,0.96123603039960692,64.425433480242674,2.3560740655583379,0.90850961177573963,0.010577033710848366,1.0499116340230465,14.987949027487955,0.025802245179646216,0.097259251844714248,8.4939957273880573,testmodel,None
1.3645390219884386,4.4784010559343805,0.27522617912299191,32.126405338042481,3.2724069735020427,0.010621877935401912,0.76324375630622543,0.53419299519808539,0.8246585923673595,2.7292493523344823,9.0162967619510663,2.6836311566244468,2.8888043570844566,7.5425303056748136,4.2033031395450964,11.883279005042994,0.54745258164936006,0.31607096162637738,0.76067633093769982,0.17884412663882637,0.71651150611746472,4.8572215178096929,9.1981683206833651,0.15976103502211897,0.0012274617413485479,0.046275508071553798,0.20896100045991689,0.009612714585695771,1.0521833444641731,146.35887179213813,3.7999584477928474,1.0802757419573574,0.010156118003435924,1.0001772924947656,11.533028828949391,0.29230958267553675,0.2519533701183177,8.0693653604179278,testmodel,None
0.34227083357275279,8.2292658336894355,0.088897819977376016,31.070832058068788,6.1489886890500696,0.010580387126953448,0.057499636783818323,0.041393096909097621,0.32951648180395815,3.1154479706727454,9.2472022204449882,0.77941505045868442,1.8731751061357562,9.6845568523497914,0.82285183289555941,85.137172578366133,0.53058689121163849,0.54550992699219303,0.098136534180098836,0.14753654950031353,0.38029161063793804,3.918469951967821,8.4245230570363852,0.11799891361483111,0.996887713413243,0.013815074164275713,0.46527595324051724,0.010580591783907922,0.92777865515435431,77.079864807896087,4.9605284161438705,0.91499660223595425,0.0099092523680118678,1.0448760189422386,13.432013910883766,0.18500837302192133,0.41941160287436274,3.9286046537964161,testmodel,None
1.6719373443194432,3.5230612791921145,0.26441040824337253,66.350379619622373,9.2604008648948781,0.0093900654601062096,0.21798346518317779,0.24258921828717828,0.6792824714279504,2.3770113923550005,1.4366373417148262,3.6205081130392305,8.8040021917956359,8.3807723593995629,5.2708505684241249,11.099742804822887,0.92902771310121524,0.26138186655911289,0.86564276994986578,0.70645851092223999,0.5211977954837852,4.0144734982345511,6.7977120550720027,0.45794770681834468,0.55921547384490766,0.077712473467061755,0.34482950201962081,0.010291671591148074,0.99466007134050138,105.38439843079884,8.9408132889600118,0.96033117159691461,0.010705799920563558,0.95145499798441191,14.35356778549577,0.25022789728929457,0.20910542175351582,9.2244154503759415,testmodel,None
1.0628329842191533,9.4219797452665439,0.97837359101815424,56.741616346002161,0.77056472241914786,0.010563402186728339,0.61816192937682368,0.17421108436935615,0.25848887673876997,2.7195105081929412,6.5364331455155487,2.0240526153185061,9.520028724561902,4.3584534002050095,5.5805030842947811,12.855137783435429,0.51028581940304074,0.71809664339049406,0.044886157458450933,0.7150975874213209,0.64161432274463137,6.053121984766582,8.5920068486328365,0.43897104298089906,0.90963252030862818,0.0074465326353460037,0.11188336424157699,0.010394939942652719,0.97517837064648272,84.884017426992386,6.3638253434949421,1.0205410040963716,0.010889795013014913,0.92587433509954831,13.634161528165775,0.28881582589548987,0.0091822220370307746,8.0092125419088021,testmodel,None
2.0584423962603298,8.5211084816854239,0.65203313901409521,34.683627718248623,1.2723925775752833,0.0093215173395612243,0.080835177541453779,0.77362180032262762,0.51138130013381788,3.9028054021227776,0.59347129156300515,2.1004184692302723,5.3889728779753856,3.3468285128993038,3.9222121393918385,86.083866857115922,0.80240646865533649,0.16898175951188638,0.41665932392195792,0.92223254691999723,0.47132857821927476,4.2710990789010896,2.5139377760952519,0.06535113165888437,0.71661937210815652,0.072848732486255993,0.050739471338555664,0.0094911820658159698,0.96391087019875221,50.245100033517829,1.7565378571886257,1.0089218869935781,0.0090799927278592471,0.92270177881268411,12.809190681751623,0.36383312953080882,0.15828149127680918,3.4967576875325954,testmodel,None
2.3286750124567148,9.9693127867227957,0.55432634762685729,54.454231456314226,5.5206924499028336,0.010152198573791935,0.48080655726797739,0.8669153957709772,0.52354052088669323,3.5288425366995901,1.916542234677924,0.63694119854342202,8.0761362456607362,1.7218164369656774,9.9381209131433064,21.865377373445746,0.39399862383267698,0.052880930233171218,0.64792935686384956,0.25933122011313653,0.66990847308862311,9.8974728872168729,5.22072754407926,0.28718203574997903,0.68738198044314702,0.052981434705033796,0.081638967846847502,0.0090302738746579122,1.0325006076814682,83.874100053756308,9.2615298520089802,1.0854325403873932,0.010442874847917389,0.97463634274285726,9.1194352294451289,0.19655000176836446,0.22873871260032402,6.2983346766836767,testmodel,None
1.7108478431944982,6.3814741379942568,0.4119761856982207,66.772917012644399,9.3826011323244884,0.0099141391934991375,0.30553794597422984,0.32350724883161674,0.18267884666916762,3.6786233107622599,1.6693428708014049,1.4836319237091169,4.6748065472391911,8.9340923285114719,6.2533096404020387,64.70039069660362,0.40013583247200085,0.34606880724751271,0.40177583559008173,0.72782806275930723,0.74286772239097254,5.3882402973081076,1.1648964871331278,0.4417174920675081,0.20495329540719193,0.088032789438832817,0.027152651475320207,0.0094143717765970986,0.91908134446918743,88.382460872081055,7.468718816114011,0.91049972167936455,0.010910989157252861,0.99912503780753603,14.713835489254725,0.3354089348339,0.040963386315784445,3.0806557225495745,testmodel,None
0.67281730493236602,1.1924741951235929,0.33005324061782909,38.080863200305018,2.4405834284474919,0.0099958518660528076,0.58852057219375209,0.23576300549575163,0.79376621158752159,2.6776981789478489,0.24367218907572724,7.1049405289768615,9.1969106620978351,1.0302918263598251,5.0791061395791601,97.230727743607247,0.71614190203403238,0.47517746754166268,0.54017248976637744,0.58099189103170545,0.51569883704983066,2.2099294314330091,0.9512862955250595,0.13993273644943316,0.2663106073231436,0.082406782036779619,0.38718534458846743,0.0094284224518298536,0.99108663225819371,54.862910617137643,5.9488516607884456,0.93111772268138981,0.010965574132371442,0.92041954966736295,10.033356581858556,0.34141458293371429,0.10687707731823579,5.6575956686437854,testmodel,None
1.6257557929376616,9.1489541064711606,0.39733525293652155,59.568541892877839,5.7023384646732653,0.00919492674724302,0.84713306533988852,0.10755138111111015,0.5554351707572347,3.7140879549235217,3.2104725438037955,0.087709897563439596,8.9855716572062843,7.0523620707958123,7.831375434793876,16.777666755423294,0.58824994760747618,0.41640367860525912,0.070058042841521645,0.28124721420628046,0.45116169871867895,1.8428903535724792,2.2397829111873677,0.16414400825301237,0.58705454719567896,0.064066874389232975,0.065018182689762255,0.01018920656069946,0.93442086584649509,110.26238641056899,2.5252038755766426,0.94347897759674482,0.0094859942419798469,1.0579542822042192,10.918311066285103,0.35451402517619279,0.49460305333769772,6.4272703858558833,testmodel,None
2.5978393826646755,9.0890039525467952,0.29570473212825954,55.308922709586604,5.6017905634095708,0.010779411719927461,0.67472230610811212,0.98147222245185228,0.96984245972386007,3.2239257510185508,2.9733486623818566,4.8515945433529586,0.90652279663781443,0.08736971549177068,3.4999247987424917,35.627909423369672,0.65984453199927628,0.30484022803199501,0.024271996489381695,0.69740235199455536,0.33579957863932841,3.2862519660057741,2.9255358571251291,0.41641196026426652,0.12447954623167116,0.034681815088486299,0.064688000176684829,0.0093263310836637619,1.0306024638408471,79.7942395076319,4.1161055750159257,1.0361780089599852,0.010558850118553351,0.93424114306211992,19.020842388319608,0.28263163370298411,0.40964254329088567,7.119944274030849,testmodel,None
2.5133289416363782,6.6092921839619692,0.95321471851479977,68.792233436848036,6.0827656633920446,0.0098454965635676912,0.68271127289580469,0.63018589580125861,0.8130375598649533,3.850496357566342,0.13887309541263942,8.3705442941831834,7.3899750659177288,5.668446012527566,2.3374037555866254,99.399308793523673,0.7292837181321441,0.28888386086073992,0.74281979196893888,0.95818361523722773,0.88416326765844377,3.4722617024813607,0.51219857428787474,0.30855424362407241,0.27059407070557823,0.058087657133606953,0.24873365308544901,0.0092540696537677658,1.0811873108943135,66.970004693171006,6.0716570399678886,0.95845145321162661,0.0095279368098730634,1.0097317705838889,10.723712465742937,0.0018843697557499085,0.26689044577235305,9.618049942637704,testmodel,None
2.9000432675568302,1.4960915081446196,0.66763889466589699,32.959805047500566,5.9054996755272491,0.01092563867378451,0.6096272640685293,0.033356192676340164,0.9715249998213773,2.1935601249220542,3.0831573377682542,8.8430487110526403,7.8432453688147525,6.1644894090775635,3.2551206641104269,45.807234908717049,0.25864256324527224,0.48778699777753537,0.16403164171852702,0.23068155075857771,0.80747192127192513,8.9370524449235393,1.8111920578080256,0.20495959310321341,0.85353418401535097,0.0067009799406099954,0.038605819148151886,0.010695262700966872,1.0587986136108216,118.59764586738562,1.2459471197599357,1.0595495747135106,0.010310287284952219,1.0863223724437023,11.947653189250376,0.074248519714507993,0.30526319655861006,8.9222749049483028,testmodel,None
2.1213611193985131,8.6085218138338888,0.24371596884370172,49.419368491159368,5.1594300046061363,0.0094346026359473714,0.89081723956746461,0.54863271276933823,0.11550718987185848,3.3189334397364911,1.1645326765180912,3.2362346012390795,0.26442387940606404,3.7727409300277825,3.8009507226576833,52.38626989824899,0.90204328385117027,0.83029936875056554,0.69370767598081018,0.3023443631122909,0.35860474451548285,6.7910812396931508,4.8824519422550487,0.0029958287089098664,0.89861280469228633,0.054779524296845711,0.46445605576659227,0.0098306281757449872,1.036972159839926,130.14997497497046,5.8591213592944431,1.0068436524944175,0.0099554470244110349,1.029294354163768,14.582256197010599,0.34438084556191328,0.16274710555861729,9.5597800597861813,testmodel,None
0.023444616910157732,8.4353983404829762,0.8323635842712761,53.836027934353709,5.412528412504626,0.0091264013577789863,0.39294621393954571,0.62457218825095218,0.85295819499763692,3.0353967584760717,8.885786025254351,6.9799376114503531,0.43898238358028241,0.99193955680326162,0.10369569095761449,26.318617899604337,0.4844543551715581,0.17725229394622039,0.45578555030917417,0.50084692309804535,0.10103703714931894,4.7427559274129258,5.3641796374002979,0.013416950956732112,0.10000064467050535,0.083750102866713458,0.20217850576735624,0.010726884783547554,0.9714455784307755,71.092276331187037,7.6915893730470133,0.97358431006511714,0.010989713673779109,0.92675519036667209,6.5470255201531309,0.22818322692553117,0.28128462614134486,8.3198211672722913,testmodel,None
0.57356528174305654,1.1386712762529674,0.92799771528958463,63.818124488745191,8.8462865341836334,0.010658389767689623,0.33191195858306483,0.7307068051438963,0.73041448685645161,2.8886018909120028,4.4105597014023132,8.489572749721976,9.0502050045065943,0.4273440993794777,2.9169981758257535,93.891645061584299,0.56978781387196709,0.55345527789272941,0.59581688748169648,0.21994079470794059,0.47836453129387213,7.8256817144569286,7.6321653149937596,0.47853721388896564,0.39210754207818599,0.017671190224573346,0.32612242821249587,0.009086762877637853,0.94296305813588233,121.35360440476303,1.5388367626487911,0.97184178515019393,0.0093445286564606093,1.061358017367505,8.0349206083609577,0.38958457738811331,0.1372636270694248,7.3510751123331035,testmodel,None
2.7323961616107777,2.8726840044066293,0.52784163797556571,60.404594364464415,5.8748967582783349,0.0095329937991796773,0.88624135447023256,0.51637059180180922,0.010215378832902052,3.050823601934284,4.0606139405276949,9.341033380853851,7.4625557112771057,2.1156368777959242,1.7109873056360145,87.587671414917807,0.49358340193243722,0.52944020002556447,0.20329849411016626,0.85543725298475193,0.79845585900832983,5.5586124786728943,8.3541394086707328,0.0736661275145543,0.86347434998896155,0.055204709183723416,0.3380165390291574,0.01089025951428199,0.95112829599054338,137.37116873726086,9.0395157039029481,1.0354002580042732,0.010462303012375338,0.91530096428799301,19.999151602729182,0.3871041472571759,0.015757024311163884,5.5446910460469994,testmodel,None
0.71685594183466606,5.4972876224393756,0.67389524934488676,42.619496449606132,4.8665589562529323,0.0095931127965678056,0.78205760194253071,0.92052145314815093,0.20782148880348678,3.4257503524630053,4.8683047591464117,5.1511245495949156,3.7628069835629696,4.7302899033401742,0.21449080532652851,63.891032881368503,0.60056357065327903,0.92208799097748861,0.78455812978650863,0.56182866226505235,0.11223754453308477,2.0067985126382908,9.0385926077344774,0.49898138134872461,0.95231660672961027,0.042401149988206183,0.25220616224545767,0.0095323754186475394,1.0767628524365307,135.7823042313255,7.1303229291576251,1.0459675819047418,0.0097426188636011418,0.97265456454751065,5.3147727350701439,0.096061312659575182,0.36188140003325164,7.4926996273577018,testmodel,None
0.85573655673218074,8.6932793603584066,0.5947552261496748,43.255100070440051,9.6932463465390448,0.0096629630660500961,0.24727411831399732,0.27345062850918667,0.87738141430655148,3.9884292214677508,7.9847713557238613,8.7273746756566286,2.4351996195538379,1.8830305761580168,5.1598726924869167,53.255568895963812,0.75165007522610372,0.32212529350701968,0.72655165110451647,0.056157157649232452,0.1893667287267933,7.3031903572716592,7.5252561318475699,0.099921530114037566,0.64466226196786247,0.063715114154270003,0.38102165097955615,0.0096719747233346073,0.97993165071835875,131.73921345058778,4.7955367097645301,0.91779021087042056,0.010375347545182934,1.0218012908075915,5.6391463184771871,0.15223939515373894,0.16926532655471349,4.1574259075618754,testmodel,None
0.88771667441813573,8.7989214132155915,0.87575720138786395,36.64918835456006,0.055234896756624893,0.010858972599301315,0.62049338200467175,0.12177108033952634,0.44673278053578752,2.6897826788789918,7.6865953917824186,5.8633876811579819,0.81812255141877799,1.9115642734697593,1.9059951634928229,43.786138849818471,0.97642372467382921,0.87542769088977779,0.01765665835804189,0.43618885920827927,0.26843447057683828,2.9297398466859983,6.1528268839061404,0.27778141916543503,0.088379444510335858,0.089155280331552275,0.36799683561641688,0.010092832755448203,1.0214522780403539,63.455492798807711,6.6557926957268663,1.0176003424615239,0.0096334242984093769,0.94535218743520422,19.801504669871214,0.089102344905222397,0.39666353348230421,5.9464422590867922,testmodel,None
2.0029237340385562,3.8455902415846457,0.37703658905704013,33.765325873318432,6.6241673336267572,0.0098712848522406575,0.57535153967327013,0.4009633475147884,0.6084201846569911,2.0046666426480471,6.4963063842110973,3.3136718803281031,3.9443690494887553,2.0120731608216573,5.3199701082245641,71.262153669000753,0.046938802604032825,0.40150492343178723,0.27429110763891212,0.99818055163210495,0.4910389534875147,3.3513320441584691,6.9293192351654644,0.39443453118821564,0.59303573650960362,0.03606450985347609,0.40708840179020694,0.009966155159041654,0.96895559938355269,109.90329597914273,5.9592036574225133,1.0144450654698847,0.010489829673339866,1.0032190426692222,7.0955170467749227,0.081518394045073272,0.15282646904126582,6.9671251631673918,testmodel,None
0.99481207003313632,4.2749420493888461,0.030258084936059464,45.86284964970384,7.2075845334730744,0.01003028049604175,0.71131520083761901,0.018967655650356206,0.72523050997993233,2.2920080770107312,4.9167501360670673,9.7456960470428058,9.4394290534794649,6.7962189585022017,0.34957812607034433,70.878490713493505,0.24575177733654185,0.49538778804826322,0.12399494632949228,0.48911091905135307,0.76205381172371223,4.9089443568778135,4.7645143200164881,0.30484485065992717,0.48875661221715416,0.0041826185655900574,0.28801094512758579,0.010803004110012365,1.0628793958902298,114.27985868133027,5.4650554752974223,0.92206902751695663,0.010253765274743653,0.96943864280823377,17.125594747608687,0.20042979694572521,0.42879166319749557,7.2154220256515647,testmodel,None
2.5294368147740718,1.8591186703855467,0.63182570480292777,68.930543697415203,6.5131494721828602,0.010722116587431744,0.50188564436097816,0.37698364468812107,0.14343831040680649,3.751887115466614,7.033351621657582,2.4021477173831527,4.7150974144651574,5.2551655185536275,1.1546288464362737,39.036373253480988,0.017239492109052301,0.19148450868533731,0.35415434143906699,0.076018151007799364,0.62017871353228859,5.2597035490433344,4.0594316320411403,0.0065866917601887466,0.82519394125335543,0.098138469430090691,0.47255900978333332,0.0097434910989863226,0.947758788924974,96.836266967397052,7.9242102636034843,1.0975696185962032,0.010843423130275302,1.0236593457647931,7.421511946552795,0.10944064974824252,0.47792773619958068,4.3519377391858445,testmodel,None
1.1123288069867752,2.3815204262896001,0.56072177298766823,42.043904860351404,0.91275469471054971,0.01086486517014011,0.031354831443342064,0.4296739919831517,0.58169987901617615,3.1573604968699405,2.3364495940434074,9.653025246487962,2.2877876974412859,0.52914897622153778,8.1009387654276814,17.633392611881561,0.29258392038174674,0.59173737343653121,0.90004244226692975,0.64215226438716644,0.34575418259841306,5.0723395585959574,2.0218721552263719,0.051565916886732364,0.52535420256052778,0.039496276189640467,0.21520437708982965,0.010928110190175274,1.0699035167600814,103.60906852328665,6.8742668135513902,0.95404030101720538,0.0097990625840701177,1.0812483369246129,13.085178923740626,0.25922240283255782,0.14290919730993629,5.7482213927962444,testmodel,None
2.290143054807281,3.1995337774208386,0.64961500419432883,31.273717400969709,7.0762849244384549,0.0096326353862134922,0.17706817584884826,0.41882379293483279,0.060007334729317151,2.5286665448089849,4.2165303549238695,7.9383102168391897,4.9567651995991255,9.4787907990096638,9.2875828729443128,29.40694585457117,0.85466957018213696,0.042597907081901018,0.80871368167544788,0.98679514356045439,0.22533497662192609,2.1934827721070018,7.3732724284020046,0.16986429335359954,0.61265589661322262,0.026830598477141594,0.45665127543711853,0.0095198888041716032,1.0253763442170465,58.295605006215681,2.0744542064571592,1.0932394807877623,0.010320069239851851,1.0668045488066316,5.2176646009021441,0.22087508301273437,0.31549340501263179,8.7512570633953324,testmodel,None
0.90384062390327191,5.1042384517114145,0.74685704267227604,52.790342864427586,3.6443007044715534,0.010122967944653305,0.36090694515600497,0.020954192097544181,0.29531168012303766,2.9047678764450335,2.6696354521282757,5.0206481460782024,6.3321237543970463,8.6263274050312582,7.4026647463325501,77.368468421204881,0.91472621862480985,0.20798080557907223,0.31961297962343244,0.75765081202642082,0.81338803827122841,7.0460032191459021,1.5894117424391236,0.062197891485970228,0.060905127769086249,0.097977356780054828,0.095575729599626638,0.0097165371891061569,0.92810439529166744,92.656298634250589,1.133909043615972,0.99170512560712276,0.010755454019415555,0.99231110908960496,12.320083257779153,0.39219231977689295,0.34493349003058121,7.756945215515171,testmodel,None
1.9758973723924735,2.1949471430225955,0.80249708529108199,50.040399339878704,2.1706218175262912,0.0097461673330759106,0.42578416552902437,0.69971005025827915,0.88725528613369542,3.3323674026281571,6.3451866740687137,6.206629707507366,3.8011838381105809,4.0537679672808027,3.5229114862235993,41.944581385574779,0.054727623029620337,0.11265304315765574,0.65998242907674287,0.2046750823264547,0.70911968666375003,9.028351569619721,9.6913461692129808,0.10563333457291491,0.18812911020316206,0.044251890766812435,0.017429430838647477,0.010124823847785906,1.0021267943021239,128.42923691473266,7.6492856045646489,0.93822431676446083,0.010697861816631049,1.0384358333482893,15.347105157065922,0.2855057193376021,0.32444211264281742,3.0507334654564469,testmodel,None
1.2866440637933956,8.1974685517367583,0.079269690054140335,47.728915661840929,7.6322867251546933,0.010215887386376098,0.091419611978435011,0.68525371572888283,0.17230725498251745,2.3057110511436414,9.5600054338500939,8.5981237361364364,9.2171227512862419,9.8864698507445521,4.0468761915146363,16.129195224951097,0.47306878421936427,0.025572732056331659,0.70623000554029058,0.098960890609390714,0.20760329368449615,1.5708147971824631,5.1881378497521968,0.24457766220037583,0.7905673356305295,0.049805771416855243,0.40409758470618085,0.010514881199605766,0.90214295258792809,123.36086267665465,7.3326356101599917,1.0874171485020199,0.010285880084346371,1.0836330735910189,9.8431551530590973,0.32696649796053412,0.20492098724732272,3.8282053709138175,testmodel,None
1.4362542437358079,7.202992796884943,0.79467716811978761,53.000211033191569,4.4001497637913349,0.0092324690979418578,0.64980138822416456,0.8395395341456332,0.41778217256289685,3.7965004161691178,9.6536711593846452,6.4082049198682292,0.38184659818509598,2.2592617230944279,0.91897495232576498,82.792639782232413,0.5978207882751374,0.2499289634616238,0.21577126875447056,0.46991663118737875,0.25224520845272608,6.1712660722136681,2.6404918569940907,0.4877592779607775,0.81074089743606792,0.068286790284606921,0.41768887735698418,0.010980457406508302,0.91220027471958831,139.38317267153928,9.5239430995903724,0.98914751716871829,0.0090209494940734353,1.0933373234263284,11.179412318632986,0.27242712687321041,0.46048658082096106,7.9685425024261045,testmodel,None
0.50117947955282527,7.5859463106285769,0.51235340695142673,57.437584741802695,4.781176195671538,0.0098023608759191441,0.4198106567148856,0.58927000420333731,0.63560381641235342,2.6011045981635896,9.7069415926956726,4.4075912381982612,4.1005428665586194,1.4485141527734668,1.2743629538615493,65.202163115065332,0.2860573130449674,0.58841589552078133,0.39677859223826656,0.60203693481469545,0.50510814911110857,3.8227120200670144,0.4247343281759558,0.31785355285078642,0.60646789001122292,0.029342809404433869,0.36445349480675643,0.0091180601724903682,1.0954420709785078,74.73618013217164,8.3337291661655364,1.0114394276514542,0.010500616514609113,0.90203984056419673,10.309378120308164,0.039384753229841578,0.062242712350241154,9.7320456958470363,testmodel,None
1.6912708772880716,5.7638979713441216,0.85908574825001527,35.496342625762651,4.6707492112069744,0.0094163904924573494,0.72926509205490841,0.21396768738377395,0.62184236084462008,2.7712937228499062,0.73532262677519156,2.9776707604951813,9.9074496321242549,9.5261462867525228,9.0748308837039939,95.987376127449252,0.67961211541942101,0.93438059859316669,0.93205668770807093,0.55891292369196754,0.60234829504435428,8.4462005610547468,6.4605263883919175,0.25758350718087819,0.17608167143252607,0.045889571546033119,0.29962905920263144,0.010766381404610595,0.95630043728873426,132.39859710828716,5.5446537892942684,1.0642279425606511,0.0095659530995771749,1.0140136941629512,18.415554593649155,0.37467174562123445,0.29360011079190385,7.1691467832832636,testmodel,None
0.83489780565257643,2.3187001012326798,0.47802164158672744,51.165274421096157,1.3801412249687877,0.0098310971261842597,0.025460140399968533,0.55122128776432033,0.93308333570613389,3.5867136321759014,8.1446377807048584,4.142879280946131,7.2452592450301339,7.6276286085571101,4.5958821502089808,66.134454326602764,0.30626916130137283,0.81806940719938859,0.50269571865822393,0.79768662101277232,0.52505180976803734,8.1504625370568249,0.32019564436583875,0.035248039668899139,0.2128377033173588,0.053452584283180386,0.074429962039171058,0.010313071042812282,1.0962592643899995,60.142923183539452,9.4233216558240205,0.92749673985557579,0.0095121842520163695,0.96244557427366206,8.5452717405449654,0.14564886090682708,0.27220647064244324,7.4510487032848509,testmodel,None
2.0135009383357456,2.6882644069834898,0.1811474325256745,63.282455703355183,4.1775192462393438,0.009934863716175692,0.47152289030564465,0.75099220123443422,0.74540724474870057,2.1546604501368591,5.3124623180477464,7.7598475702272429,8.4978015151834363,8.7090194537151291,9.4290243581907074,93.177652124394768,0.031804837751977393,0.62787823304739676,0.46931753817374228,0.29213461639441335,0.16883254982768353,2.5000057782096778,7.1500286034358052,0.3694053919580419,0.83929701945642343,0.033698531190583733,0.4792101617694865,0.010667618079442753,1.0604821208851292,102.1838487978338,2.184701905103803,1.0030267511010704,0.010780797842928905,0.90795956563259461,16.593904505552935,0.25440195188085463,0.1240959669149729,8.9849023002397885,testmodel,None
1.8373910247515504,7.4202942725020966,0.76468417918692466,58.328686734496486,7.4946824553596798,0.0091679496897272873,0.0088051971070583508,0.64209604327474878,0.49604217089560487,3.0706942593508293,6.8386238902365228,2.8293210306089001,2.3324280986438932,1.5027243895434177,4.9351766205591758,77.507334836441515,0.35480475788752214,0.56493799208604667,0.33711497051323447,0.0030481187961009749,0.68471712362904991,5.4969514843887648,6.2000856663674409,0.253528720100613,0.31951448755596173,0.069296422960010678,0.158109048887736,0.0099405539910194622,1.0449585889146169,144.62510016807136,6.7274235035495922,1.0234247947504551,0.010053796558057423,0.91314482805473174,15.947780158069092,0.084108161447928362,0.27585374265253687,4.5135179735208952,testmodel,None
1.9008546652608951,9.6709951578382132,0.4980248837733206,59.006384708383813,9.107263863276895,0.009343737038437324,0.1470601302386299,0.34652108439288709,0.16968553751189772,3.3859388195314972,6.9161295898440098,3.5374173916243068,1.747766548012696,6.2348885312239934,5.7520845809462529,68.662160017600172,0.99382551353457049,0.42576568330851833,0.98135190546218953,0.35350079850329585,0.70064003117858487,4.1150032706937338,5.0096601617071448,0.40921172250818177,0.7320072135030079,0.087178069981882017,0.26479229878306759,0.0094535634318184316,0.90508132982429246,126.25058337321384,8.1187740161098212,0.96591211342045802,0.009987594021258735,0.94924979890376582,10.5418778888685,0.24437632409763441,0.22287062712583217,8.4554871186459515,testmodel,None
1.8643593467498423,3.0101431677387636,0.36664925840185503,46.214817838481878,7.8550108103191505,0.010063196297772699,0.66175741098017438,0.99898500949183922,0.53246065282576938,3.6547085223544338,5.4476779209357398,7.4624941284418806,3.4326102630611026,3.1490570119414723,1.490248461544087,55.393001410027672,0.12927494417200217,0.18526442378209551,0.79988216618110719,0.40626921144457323,0.39674373666588114,3.7225725168061876,0.79977044841799949,0.42537363805204764,0.88628010559816472,0.071599038065153109,0.19575622431596335,0.010340656936290967,1.065606079667516,75.262631472865792,5.4058499888940235,0.92554451365135293,0.010069002683335585,0.94224830064599585,13.160368235138586,0.30079953053485087,0.02968886306807559,5.2322493609980896,testmodel,None
0.80343951288304793,4.8775735529003423,0.23417499836584976,58.532844738436012,5.3838059925827322,0.010188212184508452,0.13201018243932947,0.26050450214942977,0.045721340930166117,3.197663730812792,6.6404726273457158,9.0650354402289821,0.50525583773370253,3.8919147061645627,8.4759831397126977,56.521561118813466,0.96257068897491072,0.10415470066604823,0.9751627381114748,0.45339827638733227,0.21270412186800733,5.1070052055818831,3.8673504819435438,0.31402204416779717,0.5720005551065388,0.050951231675727973,0.37810366353013053,0.010572384221954211,1.006035750035271,106.31737467634574,2.6352499692793696,0.96920559439779708,0.010864809306123716,1.0119381908068481,18.723495625710513,0.13404145679754451,0.075472041565869966,9.0264530837301962,testmodel,None
1.4445281323343977,3.3456715225462168,0.75029612040194726,60.295300130438108,5.2714055564115334,0.0095698494358531904,0.95331895491455998,0.36431046934505595,0.71926272172491601,3.1795706792329774,3.7508112929879314,3.4309181906434922,4.4939630222883213,6.609916842934819,4.1142754860861057,18.769835204281968,0.070838484327769125,0.75174208983281643,0.43741313734158194,0.31137708268310504,0.30808688866175038,2.7164519363077666,1.3735245239154157,0.35012529525438907,0.022187742106288596,0.04710985280734023,0.10915272423875307,0.009155908241369224,0.90080151843943834,85.177906389362022,4.3877532579523209,1.0316489081943023,0.0091183197465019138,1.074586070594409,13.387505407888774,0.1743861059115247,0.17173856731320886,5.4176361519985772,testmodel,None
1.1893972673566462,1.6264376006445875,0.73246761369087565,67.407386541670832,7.1541488787778897,0.010469682591090237,0.27121195888760635,0.15468935898258035,0.21767488321846895,3.8142910450940586,0.65223654656371011,0.21552433965180268,4.3833655733897405,6.5799747492617087,6.9171297375320417,29.966232694355199,0.94955536270740404,0.67361411852308251,0.30369790232069604,0.38193454801861404,0.59195206595628636,1.3822804166298022,6.5731671878674192,0.19899714729393952,0.62659828637396375,0.096935392584684504,0.3203981225330132,0.010438698774545133,0.91512624047372637,129.04108566376826,4.2643066105886458,1.027366182541414,0.0094083409078857261,1.0513718587694614,14.198056503440437,0.23608338339067278,0.022931326366920107,6.5944784593665027,testmodel,None
0.93065753828646658,8.9633248711936861,0.68873376652404927,45.240718289906638,9.8650343115722627,0.0094432941046922632,0.34304363761818168,0.49919382947779528,0.50949784033047896,2.0578585584399987,2.5025168796324899,9.8201349273965626,9.7427142295281239,5.1072497183925059,9.6697240221710494,33.535103958360011,0.088268500644403391,0.82548991691592022,0.19798787531102591,0.52274013597430413,0.68278127052188331,2.8971931510104314,4.2115103749850737,0.37446825801796352,0.28248994196804955,0.08629972712712447,0.49554870138258683,0.0096206834684805318,0.93217899230439938,141.12397563779911,7.5479788271745081,0.92927568169619212,0.01092950037405274,1.071585014233901,9.6966607381395349,0.0049936211285731107,0.44620060071252599,5.1396606605478237,testmodel,None
2.8067651635801552,9.753185439904815,0.70550497723296957,55.879554377404645,1.0954085260761024,0.0094862090190612931,0.93436887094998622,0.47787959624806314,0.83175154126788642,3.9684242502305214,4.6982003422198657,0.85542045613660622,8.1888208435143834,1.3089381443384516,9.1184032776370056,19.332585373638608,0.76850467346430729,0.8420801728713333,0.63567259157487099,0.34049056772845082,0.45939316312536038,0.059535369201226429,1.4256030282969909,0.042519023480409819,0.84354140420991108,0.074674833611642524,0.39300275399129792,0.0090673552154530764,1.0290466589806675,76.049904592742195,3.2447336397911504,1.054977632122051,0.0092182748239187859,0.93230161143515511,14.138870627004907,0.26893501999219444,0.37134012635636288,3.1406205197909336,testmodel,None
1.4055719436030325,2.5318899820388943,0.20925010719557888,30.014877237376226,4.3298040062253298,0.010281734389788504,0.75609168035716212,0.50580884351125355,0.75367703001134712,2.5616480853229389,0.029590994736049116,6.6835542685345093,6.5267844056188355,8.8049534948529775,8.0783924454444147,88.541755172436709,0.31783851926888901,0.6168612567799806,0.49503849614098183,0.93149540577655621,0.13466286238421307,9.1019450842185208,7.8599180402335218,0.12218342485636509,0.098786485086449646,0.0013482133277650972,0.059569669509034751,0.010444598906608652,1.0556251550578373,82.252319765153743,6.3017228305627038,1.0725613066682576,0.0092855284568173404,0.9706112947371599,18.107436538896728,0.3665915554317718,0.21600682796624818,4.7726621529376807,testmodel,None
1.0401473831695613,4.8440006435595606,0.22637520249916263,49.824693699325465,4.9704780653497096,0.010234169291884233,0.81407128056415867,0.59446392325218167,0.99148725705944263,3.7209305721358685,8.935581082177027,7.0443302628324638,6.1382932798011236,2.3168736947184123,8.6707177979180372,90.387978699245835,0.52299846861179466,0.77842187085966164,0.66097944597298131,0.94845673236486516,0.37696928418486719,7.1385079620007801,2.1793361903600923,0.20845084218757978,0.44424071325030312,0.022336197441828725,0.21254588250700387,0.0094695759678958512,1.0134336704432441,57.207641208944963,3.4009779123284534,1.0194419495017735,0.0097318070869281282,0.94630349644221989,13.774972840876119,0.033765255049216687,0.40350184424420321,3.6908646783339054,testmodel,None
0.75540658755548717,5.6074648139054899,0.19481505980752764,53.545975679642289,1.9046386557589277,0.0092050924876600389,0.15265632754881325,0.89802627969990012,0.5678784581875187,3.7613889602446005,2.1805909887187651,8.100616507330086,7.7719516077844002,5.0625089177343146,9.8040258520973182,40.287499369355004,0.69255352904398815,0.99774178840068428,0.73591193731909155,0.032536252903941978,0.14975012368971125,8.3001929537251087,4.9696895588370769,0.42196097707918601,0.47538994773088661,0.051788415030028928,0.030890984967081071,0.010640201785015131,0.99276126666355902,81.406563224666087,9.6866400027973665,1.0486354982590065,0.0099376202839354839,1.0318824478728503,6.1947440952400807,0.070453811787438425,0.35449932063147832,5.4720211539872459,testmodel,None
2.4628198622957447,5.9165259417600415,0.93247093782290325,61.283702545778752,6.2738961605387669,0.0090029604337806147,0.44159418234238823,0.14976880774281434,0.093075991329585675,3.9572115049052403,6.7759113362185319,5.5133305769418426,7.553373525557415,9.7482983195604902,7.144831105663072,98.923684164065762,0.18554682101584302,0.9650983552960114,0.4745653109298511,0.77268035476284724,0.53548370185639849,7.2188062257494012,4.3522445621750592,0.18443248982623833,0.25782186162124732,0.025832473406036352,0.1710679685473992,0.0092623937067878477,0.95242142420503773,119.60090386632652,1.577397848224696,0.9321083021906601,0.010817948508912269,0.97718007914717009,16.051914004560764,0.30744673417219009,0.058545668329992175,4.9074979032374202,testmodel,None
0.21690486195701231,2.0856509768193776,0.57771873907676863,62.299648210378862,9.0961157920762652,0.0097784264255813876,0.51936737914893594,0.4556827887428137,0.57580046342784341,2.2553704168918074,8.692742256530126,1.0245794033558169,1.211989169310522,0.10115003272426254,2.5071068226506057,69.658953164023814,0.36848922655141914,0.35970095086389237,0.57248965455464385,0.97923927242100506,0.76620395887492554,0.81700991075694862,7.782603879453549,0.3394398282251464,0.38041466974242144,0.079500507193854084,0.27205057908210228,0.0097302223304146281,1.0349062115680174,89.623632461217397,9.5999366992311117,1.0521086485243183,0.009121848259966191,1.0186177342980163,12.674339911495739,0.16998270938606633,0.48981470881287315,8.636426692354167,testmodel,None
2.0788350258960655,4.5495083474898763,0.38616058858940416,35.127015757417176,3.420457516925866,0.009712197637292171,0.19295269629116868,0.65774752449979002,0.64555203879650114,2.9521480804485725,7.4461416868984651,5.6563186635358704,5.8937646461315492,6.3221694432509965,2.0245799483914357,31.7278941564538,0.44537179719085812,0.14707732299909429,0.055705487151493524,0.026223614728880639,0.54923401967867413,4.4878481013550271,4.4918476449622631,0.47185140956270838,0.51487920455111058,0.070365527401577144,0.26608314243212083,0.010104187186561132,0.93642258589982186,125.59316771462996,1.6851857263931782,1.0885126302036401,0.0097171244494244722,1.0584801077014274,17.651062936099663,0.1316164850321494,0.014022803265458111,8.3411598920159822,testmodel,None
1.8226439056675172,3.9567309769978891,0.10054282946715545,47.517080492843291,2.9847956891979455,0.0093065944025745775,0.52408383788646495,0.29636139266461092,0.42743231843325113,2.4799173437935083,1.2023619852638663,4.2025920329734454,3.0109707962809615,9.267098586485206,7.6486465379144448,25.705585682595178,0.064145215968745173,0.38288306478074191,0.347696944583963,0.12033135096162281,0.60762287884226596,0.77498571662458482,9.2297423544837738,0.32316360112104842,0.66515249280930278,0.091856486613614105,0.45044387459225438,0.01023912527420133,1.0100367643777997,120.22105528480597,1.0769847843109184,1.0285274160615274,0.010427453274764928,0.98128968844351694,5.4563551769911856,0.13896980862377933,0.24872366351014696,6.834475949088846,testmodel,None
0.1418015223309404,7.7057099995979055,0.16830270363214178,44.238038690488189,0.53155801010062131,0.010488819730117803,0.3299098636705628,0.31906131866488469,0.92767566828579251,3.6332438725361937,2.8236290331941589,0.35316600229332029,4.5037804751782415,2.9286845021144137,6.352099474546824,52.060855083399431,0.8234956286691143,0.46281679805942949,0.42523550724786113,0.10570367443261168,0.15874933750123338,4.6941788589311804,8.9098758176868849,0.40375043977421676,0.37700314935578227,0.085780744171404008,0.18034950343100442,0.010531183682311722,1.0730232450200898,59.505810043905356,3.6522040992314801,0.9800351759643493,0.0092747284649305501,0.98502181328913274,17.220112578002158,0.0090292473790493689,0.26056865781868677,5.3709891444837012,testmodel,None
2.1434035501227058,7.3062251937084666,0.14559818706460531,33.349083296047517,6.889486177446523,0.0098931178650435124,0.25126553582855476,0.33731944582791018,0.19646817191358931,2.9275589181129202,5.2827524489452458,3.1425228055700885,3.362169560703085,3.9388715294088588,7.5628499982854658,49.488987117819008,0.38692405453440709,0.72565280448095626,0.38194154699604316,0.53943139443086152,0.65204976596902675,6.8631597506784816,2.3753789986525438,0.34045597833198954,0.015118297962798594,0.043016551666116835,0.12701992042025037,0.010279245275543449,1.0198667779087274,61.695967804779357,2.873348290554258,1.0916927177914588,0.0095487610861929306,1.0729588775849257,9.0254371237365234,0.36939880093575561,0.24499171739083525,4.5648068401036683,testmodel,None
1.6196955837502705,7.0645772093069699,0.94356162421695411,60.851975400895611,6.7058371370122973,0.0091407633347723033,0.65736545565382409,0.93183366532054734,0.059343673103804527,3.516095302679525,1.5105232214604936,7.6797544925356984,1.5931122022080189,9.300762143364782,8.9003568249106237,46.105949896834893,0.8176169913874668,0.73123366026961967,0.36396066443272529,0.012602303598466624,0.56109866710482659,1.4098537921047858,4.682801154558101,0.38202885661113584,0.96560183891109452,0.095152382023354604,0.15084016062039649,0.009216366278497673,1.0481560917971997,122.33365249907501,9.8628568391207967,1.0707024879499225,0.010643490806602769,0.96774263917187198,12.445488571266498,0.11281261952105698,0.093651583280554188,5.6612301170569594,testmodel,None
1.5718530037520591,1.3267894894232715,0.017122270396419954,68.326095742595243,8.1837548534843947,0.010326250120270263,0.49334891358154948,0.79350123100320169,0.90841666253509168,3.2938983496513874,1.815629633377442,4.6289852609118558,8.7311892952566197,4.1013836221797693,7.3445804229628173,89.218230059469889,0.8877228543947917,0.80837517712339213,0.17504197593940793,0.1580549824364646,0.18459988218394954,4.5575322822883155,1.6582829479842114,0.02895697081749829,0.67917086707885144,0.081480106694533705,0.0072575159844584939,0.010072542014486574,0.91062531285223991,80.832116286466373,7.8172391645582051,1.0007267132264208,0.010220640055280991,1.0429493106210657,11.678522639235343,0.37974757331704967,0.45353025960605758,9.6924726013659885,testmodel,None
0.089148831033708548,9.2506195151765063,0.090040139175136188,54.272508218992549,1.7985410945997864,0.010447911788708152,0.29741375651986535,0.079822008704452954,0.65109164983041368,2.4307241296416033,5.5141967132570517,8.9636536590663987,4.059445550415008,2.4415442266103464,1.6727430897326867,78.824976646569482,0.26838132192955771,0.74065538893966787,0.32016657234555151,0.89399572243164538,0.66387991784356937,2.3435387027149819,7.0380848751387752,0.22970851037279638,0.91254861850968783,0.094280988545503083,0.18704202592749586,0.010797785242455567,0.97288325833718159,149.58172385452258,2.7257136994585691,1.0691600739100022,0.010617554545665712,0.99000641377997156,5.8004551373369235,0.052761280105021097,0.18237933619760835,4.2725154847314242,testmodel,None
0.16024819895515138,9.2815855165496792,0.28360812732184293,59.774454819929986,0.69181721075780134,0.0099638367565802639,0.86970565185996951,0.054200568100703311,0.84906139720033402,3.9247919104412272,3.8641473434747398,6.0348186623284841,6.8037381241383441,1.2077298422197607,8.5705085137876189,66.956863629101832,0.98218028853868344,0.69244210210050672,0.37977641744058138,0.88739680812014488,0.43608462212008658,1.1220185990339333,6.6309698004858184,0.016594864223345759,0.45206074752997838,0.027715739732648299,0.10277992040624287,0.010218009918947554,0.90633546201866955,111.90106167831505,4.1988409646305627,0.99582264919766339,0.0098039029772377627,0.93998104696856299,16.295781293530723,0.23392599270538761,0.038897521109329571,4.0706671603376936,testmodel,None
1.4700880687154247,9.6087931847886807,0.12402688149091895,34.370314926121026,4.2607011461356112,0.010407819470070329,0.53613375590859969,0.060018965875623422,0.24143308897653173,2.028742511178975,8.4817177909428363,4.3056167249955273,2.6782939653850897,4.6031447968868449,2.2593586072995588,94.882700621151571,0.87172194448794305,0.082973121847156328,0.92717121301447691,0.37660936771177417,0.61740491333194247,8.7573492793538037,9.3663773861324717,0.075196853511691225,0.048888205560181267,0.030278481209081151,0.13512283070094441,0.0096483094177088925,0.9850897770039585,65.845483546004502,4.4936985112528705,0.92086710818075357,0.0091888690559205986,1.0900443653600331,18.815469482210876,0.12568309762340643,0.087300492771906768,7.655880420192303,testmodel,None
2.6993296814932508,5.7848026337859446,0.21694260430240631,35.920175238894835,6.4858754530522065,0.010277133994274013,0.12449393779862999,0.25092594824538034,0.86908151961951341,3.0137317631656551,7.2956115540309296,4.0935902394043024,1.6436342191114925,6.8919617043472208,6.6177489888979313,81.583018876700649,0.64621680902080714,0.51990159824670212,0.71891715310721616,0.59948347257516077,0.79178534592838445,0.15846506843163827,5.6417127124755186,0.19270313499192429,0.98297648245103786,0.06160586927827915,0.34814258012446808,0.0090477756419949634,1.0853116246081087,134.79672545468887,3.4329197057431626,0.99899789204759215,0.0098999120329206977,0.97871678129534834,6.3158981967154446,0.18073163003148252,0.33314192702645817,6.7668046953221292,testmodel,None
2.2097134421332534,6.0453684781157495,0.69270229895004154,56.173994850649137,1.4105062124632792,0.010956398140738633,0.70914665979917313,0.90467022073348047,0.48419628015229793,2.7504556608635444,5.8777577529950893,6.1088350829513782,5.0959006735134924,4.8659392611820671,8.8848766050733605,91.022561279067801,0.78662469048792305,0.94628581960027058,0.28298472470497987,0.96301186182723442,0.31747814912992572,7.5286194350793068,9.4554269421971142,0.022065450618528399,0.97054890759799295,0.065788386487250938,0.30837456059234991,0.01070101591380334,1.0662583774207197,108.26857384743866,3.5783261966108637,0.91327910854532024,0.010779796788080519,1.0778708586278187,16.751191058235158,0.10434969997192955,0.05208679954109343,3.8861196026417777,testmodel,None
